section	eds_preview_url	source_url	status
(root/misc)	https://main--ema-grace--meejain.aem.page/ausbildung	https://grace.com/ausbildung/	early-exploratory
(root/misc)	https://main--ema-grace--meejain.aem.page/contact-us	https://grace.com/contact-us/	early-exploratory
(root/misc)	https://main--ema-grace--meejain.aem.page/cookie-policy	https://grace.com/cookie-policy/	early-exploratory
(root/misc)	https://main--ema-grace--meejain.aem.page/faq	https://grace.com/faq/	early-exploratory
(root/misc)	https://main--ema-grace--meejain.aem.page/index	https://grace.com/	early-exploratory
(root/misc)	https://main--ema-grace--meejain.aem.page/insights	https://grace.com/insights/	early-exploratory
(root/misc)	https://main--ema-grace--meejain.aem.page/search	https://grace.com/search/?q=silica	early-exploratory
about-grace	https://main--ema-grace--meejain.aem.page/about-grace/community	https://grace.com/about-grace/community/	early-exploratory
about-grace	https://main--ema-grace--meejain.aem.page/about-grace/leadership-team	https://grace.com/about-grace/leadership-team/	early-exploratory
about-grace	https://main--ema-grace--meejain.aem.page/about-grace/leadership-team/anthony-yoo	https://grace.com/about-grace/leadership-team/anthony-yoo/	early-exploratory
about-grace	https://main--ema-grace--meejain.aem.page/about-grace/locations	https://grace.com/about-grace/locations/	early-exploratory
about-grace	https://main--ema-grace--meejain.aem.page/about-grace/locations/aiken	https://grace.com/about-grace/locations/aiken/	early-exploratory
about-grace	https://main--ema-grace--meejain.aem.page/about-grace/our-history	https://grace.com/about-grace/our-history/	early-exploratory
about-grace	https://main--ema-grace--meejain.aem.page/about-grace/sustainability	https://grace.com/about-grace/sustainability/	early-exploratory
about-grace	https://main--ema-grace--meejain.aem.page/about-grace/this-is-grace	https://grace.com/about-grace/this-is-grace/	early-exploratory
campaign	https://main--ema-grace--meejain.aem.page/campaign/curtis-bay-fusrap	https://grace.com/campaign/curtis-bay-fusrap/	early-exploratory
campaign	https://main--ema-grace--meejain.aem.page/campaign/ludox-colloidal-silica-pic	https://grace.com/campaign/ludox-colloidal-silica-pic/	early-exploratory
compliance	https://main--ema-grace--meejain.aem.page/compliance/compliance-gdpr-de	https://grace.com/compliance/compliance-gdpr-de/	early-exploratory
forms	https://main--ema-grace--meejain.aem.page/forms/contact-us-customer-service	https://grace.com/forms/contact-us-customer-service/	early-exploratory
industries	https://main--ema-grace--meejain.aem.page/industries/agriculture	https://grace.com/industries/agriculture/	early-exploratory
industries	https://main--ema-grace--meejain.aem.page/industries/coatings/wood	https://grace.com/industries/coatings/wood/	early-exploratory
industries	https://main--ema-grace--meejain.aem.page/industries/food-beverage/beer	https://grace.com/industries/food-beverage/beer/	early-exploratory
industries	https://main--ema-grace--meejain.aem.page/industries/pharmaceutical-solutions/fine-chemicals/facilities/south-haven	https://grace.com/industries/pharmaceutical-solutions/fine-chemicals/facilities/south-haven/	early-exploratory
industries	https://main--ema-grace--meejain.aem.page/industries/plastics-and-polymers/polypropylene-catalysts	https://grace.com/industries/plastics-and-polymers/polypropylene-catalysts/	early-exploratory
industries	https://main--ema-grace--meejain.aem.page/industries/refining-technologies/catalagram-archive	https://grace.com/industries/refining-technologies/catalagram-archive/	early-exploratory
industries	https://main--ema-grace--meejain.aem.page/industries/refining-technologies/fcc-catalyst-application/maximize-propylene	https://grace.com/industries/refining-technologies/fcc-catalyst-application/maximize-propylene/	early-exploratory
industries	https://main--ema-grace--meejain.aem.page/industries/refining-technologies/value-creation/technical-service-expertise	https://grace.com/industries/refining-technologies/value-creation/technical-service-expertise/	early-exploratory
insights	https://main--ema-grace--meejain.aem.page/insights/4-ways-cdmos-help-nutraceutical-companies-grow	https://grace.com/insights/4-ways-cdmos-help-nutraceutical-companies-grow/	validated
insights	https://main--ema-grace--meejain.aem.page/insights/5-benefits-of-leveraging-machine-learning-in-pd-workflows	https://grace.com/insights/5-Benefits-Of-Leveraging-Machine-Learning-In-PD-Workflows/	validated
insights	https://main--ema-grace--meejain.aem.page/insights/5-things-to-consider-when-selecting-a-chromatography-silica	https://grace.com/insights/5-things-to-consider-when-selecting-a-chromatography-silica/	validated
insights	https://main--ema-grace--meejain.aem.page/insights/80-years-of-fcc	https://grace.com/insights/80-years-of-fcc/	validated
insights	https://main--ema-grace--meejain.aem.page/insights/a-better-way-to-dehydrate-ethanol	https://grace.com/insights/a-better-way-to-dehydrate-ethanol/	validated
insights	https://main--ema-grace--meejain.aem.page/insights/a-brewers-challenge	https://grace.com/insights/a-brewers-challenge/	validated
insights	https://main--ema-grace--meejain.aem.page/insights/a-brewery-goes-green	https://grace.com/insights/a-brewery-goes-green/	validated
insights	https://main--ema-grace--meejain.aem.page/insights/a-legacy-of-innovation	https://grace.com/insights/a-legacy-of-innovation/	validated
insights	https://main--ema-grace--meejain.aem.page/insights/a-matte-that-lasts	https://grace.com/insights/a-matte-that-lasts/	validated
insights	https://main--ema-grace--meejain.aem.page/insights/a-path-to-co-processing-chemical-recycling-products	https://grace.com/insights/a-path-to-co-processing-chemical-recycling-products/	validated
insights	https://main--ema-grace--meejain.aem.page/insights/a-proven-approach-to-impurity-control-across-api-and-rsm-synthes	https://grace.com/insights/a-proven-approach-to-impurity-control-across-api-and-rsm-synthes/	validated
insights	https://main--ema-grace--meejain.aem.page/insights/a-refined-view-on-environmental-additives	https://grace.com/insights/a-refined-view-on-environmental-additives-/	validated
insights	https://main--ema-grace--meejain.aem.page/insights/a-successful-case-of-resid-to-propylene-maximization	https://grace.com/insights/a-successful-case-of-resid-to-propylene-maximization/	validated
insights	https://main--ema-grace--meejain.aem.page/insights/activcat-catalyst-technologies-for-blown-film	https://grace.com/insights/activcat-catalyst-technologies-for-blown-film/	validated
insights	https://main--ema-grace--meejain.aem.page/insights/activcat-catalyst-technologies-for-cast-film	https://grace.com/insights/activcat-catalyst-technologies-for-cast-film/	validated
insights	https://main--ema-grace--meejain.aem.page/insights/activcat-catalyst-technologies-for-pert	https://grace.com/insights/activcat-catalyst-technologies-for-pert/	validated
insights	https://main--ema-grace--meejain.aem.page/insights/activcat-innovation-solutions	https://grace.com/insights/activcat-innovation-solutions/	validated
insights	https://main--ema-grace--meejain.aem.page/insights/activcat-metallocene-catalysts-pe-film-pert-resins-zpc	https://grace.com/insights/activcat-metallocene-catalysts-pe-film-pert-resins-zpc/	validated
insights	https://main--ema-grace--meejain.aem.page/insights/activcat-wins-chemical-weeks-sustainable-product-innovation-award	https://grace.com/insights/activcat-wins-chemical-weeks-sustainable-product-innovation-award/	validated
insights	https://main--ema-grace--meejain.aem.page/insights/advancing-encapsulation-technologies	https://grace.com/insights/advancing-encapsulation-technologies/	validated
insights	https://main--ema-grace--meejain.aem.page/insights/amino-acid-chemistry	https://grace.com/insights/amino-acid-chemistry/	validated
insights	https://main--ema-grace--meejain.aem.page/insights/answering-refiners-questions	https://grace.com/insights/answering-refiners-questions/	validated
insights	https://main--ema-grace--meejain.aem.page/insights/anti-blocking-technology-in-pet-and-bopet-films	https://grace.com/insights/anti-blocking-technology-in-pet-and-bopet-films/	validated
insights	https://main--ema-grace--meejain.aem.page/insights/benefits-of-vyvid-superparamagnetic-silica-in-medical-diagnostics	https://grace.com/insights/benefits-of-vyvid-superparamagnetic-silica-in-medical-diagnostics/	validated
insights	https://main--ema-grace--meejain.aem.page/insights/building-a-resilient-supply-chain-for-your-next-generation-pepti	https://grace.com/insights/building-a-resilient-supply-chain-for-your-next-generation-pepti/	validated
insights	https://main--ema-grace--meejain.aem.page/insights/capture-value-by-processing-resid-in-the-fcc	https://grace.com/insights/capture-value-by-processing-resid-in-the-fcc/	validated
insights	https://main--ema-grace--meejain.aem.page/insights/catalagram-126	https://grace.com/insights/catalagram-126/	validated
insights	https://main--ema-grace--meejain.aem.page/insights/catalagram-127	https://grace.com/insights/catalagram-127/	validated
insights	https://main--ema-grace--meejain.aem.page/insights/catalagram-issue-128	https://grace.com/insights/catalagram-issue-128/	validated
insights	https://main--ema-grace--meejain.aem.page/insights/catalysts-for-a-more-sustainable-future	https://grace.com/insights/catalysts-for-a-more-sustainable-future/	validated
insights	https://main--ema-grace--meejain.aem.page/insights/catalysts-pave-sustainable-path-po-manufacturers	https://grace.com/insights/catalysts-pave-sustainable-path-PO-manufacturers/	validated
insights	https://main--ema-grace--meejain.aem.page/insights/challenge-accepted-teams-of-innovators-compete-to-revolutionize	https://grace.com/insights/challenge-accepted--teams-of-innovators-compete-to-revolutionize/	validated
insights	https://main--ema-grace--meejain.aem.page/insights/choosing-a-small-molecule-drug-substance-partner	https://grace.com/insights/choosing-a-small-molecule-drug-substance-partner/	validated
insights	https://main--ema-grace--meejain.aem.page/insights/chromadex-cdmo-grace-fcms	https://grace.com/insights/chromadex-cdmo-grace-fcms/	validated
insights	https://main--ema-grace--meejain.aem.page/insights/chromatography-separation-specifics	https://grace.com/insights/chromatography-separation-specifics/	validated
insights	https://main--ema-grace--meejain.aem.page/insights/cleaner-greener-biofuel	https://grace.com/insights/cleaner-greener-biofuel/	validated
insights	https://main--ema-grace--meejain.aem.page/insights/co-processing-bio-based-feedstocks-in-the-fcc	https://grace.com/insights/co-processing-bio-based-feedstocks-in-the-fcc/	validated
insights	https://main--ema-grace--meejain.aem.page/insights/collaboration-consista-catalyst	https://grace.com/insights/collaboration-consista-catalyst/	validated
insights	https://main--ema-grace--meejain.aem.page/insights/colloidal-silica-and-corrosion-resistance-stabilizing-a-safer	https://grace.com/insights/colloidal-silica-and-corrosion-resistance---stabilizing-a-safer-/	validated
insights	https://main--ema-grace--meejain.aem.page/insights/colloidal-silica-as-a-foundation-for-3-d-printed-replacement-tissues	https://grace.com/insights/colloidal-silica-as-a-foundation-for-3-d-printed-replacement-tissues/	validated
insights	https://main--ema-grace--meejain.aem.page/insights/colloidal-silica-coatings-in-food-contact-applications	https://grace.com/insights/colloidal-silica-coatings-in-food-contact-applications/	validated
insights	https://main--ema-grace--meejain.aem.page/insights/colloidal-silica-small-particles-enormous-potential	https://grace.com/insights/colloidal-silica-small-particles-enormous-potential/	validated
insights	https://main--ema-grace--meejain.aem.page/insights/colloidal-silica-takes-on-extreme-environments	https://grace.com/insights/colloidal-silica-takes-on-extreme-environments/	validated
insights	https://main--ema-grace--meejain.aem.page/insights/colloidal-silica-water-sample-analysis	https://grace.com/insights/colloidal-silica-water-sample-analysis/	validated
insights	https://main--ema-grace--meejain.aem.page/insights/consista-c602-terpolymer-china-yth	https://grace.com/insights/consista-c602-terpolymer-china-yth/	validated
insights	https://main--ema-grace--meejain.aem.page/insights/consista-provide-optimal-performance-in-unipol-pp	https://grace.com/insights/consista-provide-optimal-performance-in-unipol-pp/	validated
insights	https://main--ema-grace--meejain.aem.page/insights/control-api-impurities-to-achieve-therapeutic-safety-and-efficac	https://grace.com/insights/control-api-impurities-to-achieve-therapeutic-safety-and-efficac/	validated
insights	https://main--ema-grace--meejain.aem.page/insights/could-ai-enabled-retrosynthesis-lead-to-the-next-big-breakthrough	https://grace.com/insights/could-ai-enabled-retrosynthesis-lead-to-the-next-big-breakthrough/	validated
insights	https://main--ema-grace--meejain.aem.page/insights/dcr-pilot-plant-creates-opportunities-in-oman	https://grace.com/insights/dcr-pilot-plant-creates-opportunities-in-oman/	validated
insights	https://main--ema-grace--meejain.aem.page/insights/demand-for-high-octane-fuel-drives-refiners-to-alkylate	https://grace.com/insights/demand-for-high-octane-fuel-drives-refiners-to-alkylate/	validated
insights	https://main--ema-grace--meejain.aem.page/insights/driving-energy-efficiences-in-germanys-industry-hub	https://grace.com/insights/driving-energy-efficiences-in-germanys-industry-hub/	validated
insights	https://main--ema-grace--meejain.aem.page/insights/ebook-water-based-technologies-wood-coatings	https://grace.com/insights/ebook-water-based-technologies-wood-coatings/	validated
insights	https://main--ema-grace--meejain.aem.page/insights/eliminating-gels-in-film-activcat-catalysts	https://grace.com/insights/eliminating-gels-in-film-activcat-catalysts/	validated
insights	https://main--ema-grace--meejain.aem.page/insights/ending-the-matting-compromise	https://grace.com/insights/ending-the-matting-compromise/	validated
insights	https://main--ema-grace--meejain.aem.page/insights/enhance-peptide-innovation-with-a-high-quality-supply-of-buildin	https://grace.com/insights/enhance-peptide-innovation-with-a-high-quality-supply-of-buildin/	validated
insights	https://main--ema-grace--meejain.aem.page/insights/enhancing-micronization-processes-with-syloid-mesoporous-silica	https://grace.com/insights/enhancing-micronization-processes-with-syloid--mesoporous-silica/	validated
insights	https://main--ema-grace--meejain.aem.page/insights/enhancing-stability-and-bioavailability-of-poorly-soluble-apis	https://grace.com/insights/enhancing-stability-and-bioavailability-of-poorly-soluble-apis/	validated
insights	https://main--ema-grace--meejain.aem.page/insights/fcc-catalyst-solutions-for-an-evolving-market	https://grace.com/insights/fcc-catalyst-solutions-for-an-evolving-market/	validated
insights	https://main--ema-grace--meejain.aem.page/insights/fccu-partial-combustion-transition	https://grace.com/insights/fccu-partial-combustion-transition/	validated
insights	https://main--ema-grace--meejain.aem.page/insights/feedstock-focus-why-pretreatment-is-critical	https://grace.com/insights/feedstock-focus-why-pretreatment-is-critical/	validated
insights	https://main--ema-grace--meejain.aem.page/insights/feedstock-pre-treatment-for-renewable-diesel	https://grace.com/insights/feedstock-pre-treatment-for-renewable-diesel-/	validated
insights	https://main--ema-grace--meejain.aem.page/insights/fighting-corrosion-with-silica-based-coatings	https://grace.com/insights/fighting-corrosion-with-silica-based-coatings/	validated
insights	https://main--ema-grace--meejain.aem.page/insights/finding-the-right-matting-agent-for-uv-cured-coatings	https://grace.com/insights/finding-the-right-matting-agent-for-uv-cured-coatings/	validated
insights	https://main--ema-grace--meejain.aem.page/insights/first-grace-dcr-pilot-plant-inauguarated-oman	https://grace.com/insights/first-grace-dcr-pilot-plant-inauguarated-oman/	validated
insights	https://main--ema-grace--meejain.aem.page/insights/fusion-catalyst-hp-awards-finalist	https://grace.com/insights/fusion-catalyst-hp-awards-finalist/	validated
insights	https://main--ema-grace--meejain.aem.page/insights/giving-grace-building-stronger-communities-together	https://grace.com/insights/giving-grace-building-stronger-communities-together/	validated
insights	https://main--ema-grace--meejain.aem.page/insights/grace-awarded-2022-top-supplier-akzonobel	https://grace.com/insights/grace-awarded-2022-top-supplier-akzonobel/	validated
insights	https://main--ema-grace--meejain.aem.page/insights/grace-completes-south-haven-expansion-project-celebrates-with-r	https://grace.com/insights/grace-completes-south-haven-expansion-project--celebrates-with-r/	validated
insights	https://main--ema-grace--meejain.aem.page/insights/grace-east-chicago-indiana-lab-investment	https://grace.com/insights/grace-east-chicago--indiana-lab-investment/	validated
insights	https://main--ema-grace--meejain.aem.page/insights/grace-expands-unipol-pp-technology-capacity-in-china-by-1550kta	https://grace.com/insights/grace-expands-unipol-pp-technology-capacity-in-china-by-1550kta/	validated
insights	https://main--ema-grace--meejain.aem.page/insights/grace-fine-chemicals-expertise	https://grace.com/insights/grace-fine-chemicals-expertise/	validated
insights	https://main--ema-grace--meejain.aem.page/insights/grace-helps-make-lighter-cars-to-save-gas	https://grace.com/insights/grace-helps-make-lighter-cars-to-save-gas/	validated
insights	https://main--ema-grace--meejain.aem.page/insights/grace-in-your-world	https://grace.com/insights/grace-in-your-world/	validated
insights	https://main--ema-grace--meejain.aem.page/insights/grace-named-catalyst-provider-of-the-year	https://grace.com/insights/grace-named-catalyst-provider-of-the-year/	validated
insights	https://main--ema-grace--meejain.aem.page/insights/grace-recognized-as-a-top-coatings-supplier-by-akzonobel-again	https://grace.com/insights/grace-recognized-as-a-top-coatings-supplier-by-akzonobel-again/	validated
insights	https://main--ema-grace--meejain.aem.page/insights/grace-showcases-cutting-edge-coatings-solutions-at-chinacoat	https://grace.com/insights/grace-showcases-cutting-edge-coatings-solutions-at-chinacoat/	validated
insights	https://main--ema-grace--meejain.aem.page/insights/grace-silica-goes-into-promegas-purification-kits	https://grace.com/insights/grace-silica-goes-into-promegas-purification-kits/	validated
insights	https://main--ema-grace--meejain.aem.page/insights/graces-fcms-supports-us-biosecurity	https://grace.com/insights/graces-fcms-supports-us-biosecurity/	validated
insights	https://main--ema-grace--meejain.aem.page/insights/growing-the-next-generation-of-manufacturing-leaders	https://grace.com/insights/growing-the-next-generation-of-manufacturing-leaders/	validated
insights	https://main--ema-grace--meejain.aem.page/insights/helping-to-decarbonize-the-fccu	https://grace.com/insights/helping-to-decarbonize-the-fccu/	validated
insights	https://main--ema-grace--meejain.aem.page/insights/hot-off-the-press-grace-s-catalagram-summer-2025-issue-is-here	https://grace.com/insights/hot-off-the-press--grace-s-catalagram--summer-2025-issue-is-here/	validated
insights	https://main--ema-grace--meejain.aem.page/insights/how-customers-benefit-from-program-teams-at-grace-fcms	https://grace.com/insights/how-customers-benefit-from-program-teams-at-grace-fcms/	validated
insights	https://main--ema-grace--meejain.aem.page/insights/how-grace-built-a-better-vanadium-trap	https://grace.com/insights/how-grace-built-a-better-vanadium-trap/	validated
insights	https://main--ema-grace--meejain.aem.page/insights/how-to-achieve-a-matte-wood-finish-without-compromising-performa	https://grace.com/insights/how-to-achieve-a-matte-wood-finish-without-compromising-performa/	validated
insights	https://main--ema-grace--meejain.aem.page/insights/how-to-achieve-moisture-control-in-nutraceutical-tablets	https://grace.com/insights/how-to-achieve-moisture-control-in-nutraceutical-tablets/	validated
insights	https://main--ema-grace--meejain.aem.page/insights/how-to-achieve-refinery-flexibility-with-effective-renewable-fue	https://grace.com/insights/how-to-achieve-refinery-flexibility-with-effective-renewable-fue/	validated
insights	https://main--ema-grace--meejain.aem.page/insights/how-to-improve-reactor-operations-and-product-versatility	https://grace.com/insights/how-to-improve-reactor-operations-and-product-versatility/	validated
insights	https://main--ema-grace--meejain.aem.page/insights/how-to-select-ethanol-molecular-sieves	https://grace.com/insights/how-to-select-ethanol-molecular-sieves/	validated
insights	https://main--ema-grace--meejain.aem.page/insights/hydrogenation-innovations	https://grace.com/insights/hydrogenation-innovations/	validated
insights	https://main--ema-grace--meejain.aem.page/insights/identifying-value-from-co2-reduction-in-the-fcc-unit	https://grace.com/insights/identifying-value-from-co2-reduction-in-the-fcc-unit/	validated
insights	https://main--ema-grace--meejain.aem.page/insights/improve-pla-film-performance-with-high-efficiency-anti-blocking-silica	https://grace.com/insights/improve-pla-film-performance-with-high-efficiency-anti-blocking-silica/	validated
insights	https://main--ema-grace--meejain.aem.page/insights/improving-fuel-production	https://grace.com/insights/improving-fuel-production/	validated
insights	https://main--ema-grace--meejain.aem.page/insights/incubator-program-helps-accelerates-superparamagnetic-silica-innovation	https://grace.com/insights/incubator-program-helps-accelerates-superparamagnetic-silica-innovation/	validated
insights	https://main--ema-grace--meejain.aem.page/insights/insights-from-the-2025-aci-future-of-chemical-recycling-conference	https://grace.com/insights/insights-from-the-2025-aci-future-of-chemical-recycling-conference/	validated
insights	https://main--ema-grace--meejain.aem.page/insights/introducing-grace-essential-articles-vol-1	https://grace.com/insights/introducing-grace-essential-articles-vol-1/	validated
insights	https://main--ema-grace--meejain.aem.page/insights/keeping-surfaces-cool-with-colloidal-silica	https://grace.com/insights/keeping-surfaces-cool-with-colloidal-silica/	validated
insights	https://main--ema-grace--meejain.aem.page/insights/let-the-oil-free-flow	https://grace.com/insights/let-the-oil-free-flow/	validated
insights	https://main--ema-grace--meejain.aem.page/insights/ludox-colloidal-silica-plays-critical-role-customized-catalysts	https://grace.com/insights/ludox-colloidal-silica-plays-critical-role-customized-catalysts/	validated
insights	https://main--ema-grace--meejain.aem.page/insights/matte-finishes-reimagined	https://grace.com/insights/matte-finishes-reimagined/	validated
insights	https://main--ema-grace--meejain.aem.page/insights/maximize-savings-using-catalysts-that-enhance-polyethylene-resin	https://grace.com/insights/maximize-savings-using-catalysts-that-enhance-polyethylene-resin/	validated
insights	https://main--ema-grace--meejain.aem.page/insights/measuring-quality	https://grace.com/insights/measuring-quality/	validated
insights	https://main--ema-grace--meejain.aem.page/insights/metallocene-vs-ziegler-natta-catalysts	https://grace.com/insights/metallocene-vs--ziegler-natta-catalysts/	validated
insights	https://main--ema-grace--meejain.aem.page/insights/molecule-one-wins-standard-industries-chemical-innovation-challenge	https://grace.com/insights/molecule-one-wins-standard-industries-chemical-innovation-challenge/	validated
insights	https://main--ema-grace--meejain.aem.page/insights/multi-functional-silicas-in-pharmaceutical-nutraceutical	https://grace.com/insights/multi-functional-silicas-in-pharmaceutical-nutraceutical/	validated
insights	https://main--ema-grace--meejain.aem.page/insights/new-solution-for-removing-glycidyl-esters-from-edible-oils	https://grace.com/insights/new-solution-for-removing-glycidyl-esters-from-edible-oils/	validated
insights	https://main--ema-grace--meejain.aem.page/insights/optimize-your-formulations-with-a-multifunctional-silica-excipie	https://grace.com/insights/optimize-your-formulations-with-a-multifunctional-silica-excipie/	validated
insights	https://main--ema-grace--meejain.aem.page/insights/pharmas-almanac-cites-grace-experts-in-q3-2021-round-table	https://grace.com/insights/pharmas-almanac-cites-grace-experts-in-q3-2021-round-table/	validated
insights	https://main--ema-grace--meejain.aem.page/insights/powerful-technology-through-tiny-particles	https://grace.com/insights/powerful-technology-through-tiny-particles/	validated
insights	https://main--ema-grace--meejain.aem.page/insights/providing-customers-with-new-catalyst-options	https://grace.com/insights/providing-customers-with-new-catalyst-options/	validated
insights	https://main--ema-grace--meejain.aem.page/insights/q-and-a-sudhakar-jale	https://grace.com/insights/q-and-a-sudhakar-jale/	validated
insights	https://main--ema-grace--meejain.aem.page/insights/random-copolymer-resins-using-consista	https://grace.com/insights/random-copolymer-resins-using-consista/	validated
insights	https://main--ema-grace--meejain.aem.page/insights/raney-catalyst-historic-chemical-landmark-award-acs	https://grace.com/insights/raney-catalyst-historic-chemical-landmark-award-acs/	validated
insights	https://main--ema-grace--meejain.aem.page/insights/refolution-project-explores-potential-cost-effective-biofuels	https://grace.com/insights/refolution-project-explores-potential-cost-effective-biofuels/	validated
insights	https://main--ema-grace--meejain.aem.page/insights/regulatory-compliance-in-fine-chemical-manufacturing	https://grace.com/insights/regulatory-compliance-in-fine-chemical-manufacturing/	validated
insights	https://main--ema-grace--meejain.aem.page/insights/reliance-celebrated-25-years-at-first-pp-plant	https://grace.com/insights/reliance-celebrated-25-years-at-first-pp-plant/	validated
insights	https://main--ema-grace--meejain.aem.page/insights/role-of-the-kilo-lab-in-seamless-scaleup	https://grace.com/insights/role-of-the-kilo-lab-in-seamless-scaleup/	validated
insights	https://main--ema-grace--meejain.aem.page/insights/safety-of-sas-reaffirmed-by-efsa	https://grace.com/insights/safety-of-SAS-reaffirmed-by-EFSA/	validated
insights	https://main--ema-grace--meejain.aem.page/insights/shieldex-silica-for-land-sea-air	https://grace.com/insights/shieldex-silica-for-land-sea-air/	validated
insights	https://main--ema-grace--meejain.aem.page/insights/silica-and-nutraceuticals	https://grace.com/insights/silica-and-nutraceuticals/	validated
insights	https://main--ema-grace--meejain.aem.page/insights/silica-chromatography-resins-for-lnp-purification	https://grace.com/insights/silica-chromatography-resins-for-LNP-purification/	validated
insights	https://main--ema-grace--meejain.aem.page/insights/silica-science-on-the-road	https://grace.com/insights/silica-science-on-the-road/	validated
insights	https://main--ema-grace--meejain.aem.page/insights/silica-versus-pandemic	https://grace.com/insights/silica-versus-pandemic/	validated
insights	https://main--ema-grace--meejain.aem.page/insights/six-benefits-from-cdmo-team	https://grace.com/insights/six-benefits-from-cdmo-team/	validated
insights	https://main--ema-grace--meejain.aem.page/insights/small-scale-big-impact-the-advantages-of-flexible-pilot-plant	https://grace.com/insights/small-scale--big-impact--the-advantages-of-flexible-pilot-plant-/	validated
insights	https://main--ema-grace--meejain.aem.page/insights/standard-industries-challenge-puts-ai-and-ml-to-work-for-chemist	https://grace.com/insights/standard-industries-challenge-puts-ai-and-ml-to-work-for-chemist/	validated
insights	https://main--ema-grace--meejain.aem.page/insights/strengthen-pharmaceutical-supply-chains-with-a-u-s-based-cdmo	https://grace.com/insights/strengthen-pharmaceutical-supply-chains-with-a-u-s--based-cdmo/	validated
insights	https://main--ema-grace--meejain.aem.page/insights/supporting-refinery-sustainability-goals	https://grace.com/insights/supporting-refinery-sustainability-goals/	validated
insights	https://main--ema-grace--meejain.aem.page/insights/sustainable-innovation	https://grace.com/insights/sustainable-innovation/	validated
insights	https://main--ema-grace--meejain.aem.page/insights/syloid-cat-11-silica-a-matting-additive-with-superior-efficiency	https://grace.com/insights/syloid-cat-11-silica-a-matting-additive-with-superior-efficiency/	validated
insights	https://main--ema-grace--meejain.aem.page/insights/syloid-mx110-silica-a-matting-additive-with-superior-efficiency	https://grace.com/insights/syloid-mx110-silica-a-matting-additive-with-superior-efficiency/	validated
insights	https://main--ema-grace--meejain.aem.page/insights/tech-transfer-risks-and-how-to-mitigate	https://grace.com/insights/tech-transfer-risks-and-how-to-mitigate/	validated
insights	https://main--ema-grace--meejain.aem.page/insights/technical-support-for-fluid-catalytic-cracking	https://grace.com/insights/technical-support-for-fluid-catalytic-cracking-/	validated
insights	https://main--ema-grace--meejain.aem.page/insights/the-advantages-of-solid-silica-supports-for-enzyme-immobilizatio	https://grace.com/insights/the-advantages-of-solid-silica-supports-for-enzyme-immobilizatio/	validated
insights	https://main--ema-grace--meejain.aem.page/insights/the-art-of-process-development	https://grace.com/insights/the-art-of-process-development/	validated
insights	https://main--ema-grace--meejain.aem.page/insights/the-benefits-of-custom-bonded-silica	https://grace.com/insights/the-benefits-of-custom-bonded-silica/	validated
insights	https://main--ema-grace--meejain.aem.page/insights/the-case-for-colloidal-silica	https://grace.com/insights/the-case-for-colloidal-silica/	validated
insights	https://main--ema-grace--meejain.aem.page/insights/the-essential-articles	https://grace.com/insights/the-essential-articles/	validated
insights	https://main--ema-grace--meejain.aem.page/insights/the-flexible-fcc	https://grace.com/insights/the-flexible-fcc/	validated
insights	https://main--ema-grace--meejain.aem.page/insights/the-growth-of-nutraceuticals	https://grace.com/insights/the-growth-of-nutraceuticals/	validated
insights	https://main--ema-grace--meejain.aem.page/insights/the-latest-innovations-and-trends-in-the-wood-coatings-market	https://grace.com/insights/the-latest-innovations-and-trends-in-the-wood-coatings-market/	validated
insights	https://main--ema-grace--meejain.aem.page/insights/the-many-manufacturing-challenges-solved-by-ludox	https://grace.com/insights/the-many-manufacturing-challenges-solved-by-ludox/	validated
insights	https://main--ema-grace--meejain.aem.page/insights/the-trisyl-silica-advantage-for-renewable-feedstock-pretreatment	https://grace.com/insights/the-trisyl-silica-advantage-for-renewable-feedstock-pretreatment/	validated
insights	https://main--ema-grace--meejain.aem.page/insights/three-ways-grace-helps-refiners-with-feedstock-flexibility	https://grace.com/insights/three-ways-grace-helps-refiners-with-feedstock-flexibility/	validated
insights	https://main--ema-grace--meejain.aem.page/insights/transforming-waste-cooking-oils-into-renewable-fuels	https://grace.com/insights/transforming-waste-cooking-oils-into-renewable-fuels/	validated
insights	https://main--ema-grace--meejain.aem.page/insights/transparent-transfer	https://grace.com/insights/transparent-transfer/	validated
insights	https://main--ema-grace--meejain.aem.page/insights/troubleshoot-fcc-reactor-level-control-with-fluidization-princip	https://grace.com/insights/troubleshoot-fcc-reactor-level-control-with-fluidization-princip/	validated
insights	https://main--ema-grace--meejain.aem.page/insights/unipol-polypropylene-technology-learn-more	https://grace.com/insights/unipol-polypropylene-technology-learn-more/	validated
insights	https://main--ema-grace--meejain.aem.page/insights/unipol-pp-technology-advances-terpolymer-solutions-in-china	https://grace.com/insights/unipol--pp-technology-advances-terpolymer-solutions-in-china/	validated
insights	https://main--ema-grace--meejain.aem.page/insights/unipol-pp-technology-battery-case	https://grace.com/insights/unipol-pp-technology-battery-case/	validated
insights	https://main--ema-grace--meejain.aem.page/insights/unipol-pp-technology-delivers-plant-lifetime-performance	https://grace.com/insights/unipol-pp-technology-delivers-plant-lifetime-performance/	validated
insights	https://main--ema-grace--meejain.aem.page/insights/unipol-pp-technology-leading-the-way-in-innovation-and-growth	https://grace.com/insights/unipol--pp-technology--leading-the-way-in-innovation-and-growth/	validated
insights	https://main--ema-grace--meejain.aem.page/insights/unipol-pp-techx-2025-recap	https://grace.com/insights/unipol-pp-techx-2025-recap/	validated
insights	https://main--ema-grace--meejain.aem.page/insights/unlock-faster-fcc-decisions	https://grace.com/insights/Unlock-faster-FCC-decisions/	validated
insights	https://main--ema-grace--meejain.aem.page/insights/unlock-premium-film-performance-with-activcat-104-catalyst	https://grace.com/insights/unlock-premium-film-performance-with-activcat-104-catalyst/	validated
insights	https://main--ema-grace--meejain.aem.page/insights/unlocking-fcc-value-grace-s-guide-to-fluid-catalytic-cracking	https://grace.com/insights/unlocking-fcc-value--grace-s-guide-to-fluid-catalytic-cracking/	validated
insights	https://main--ema-grace--meejain.aem.page/insights/unlocking-innovation-in-polypropylene-process-technology	https://grace.com/insights/unlocking-innovation-in-polypropylene-process-technology/	validated
insights	https://main--ema-grace--meejain.aem.page/insights/upgrading-your-anti-blocking-agent-for-thin-plastic-films	https://grace.com/insights/upgrading-your-anti-blocking-agent-for-thin-plastic-films/	validated
insights	https://main--ema-grace--meejain.aem.page/insights/visit-grace-at-cphi-worldwide-2021	https://grace.com/insights/visit-grace-at-cphi-worldwide-2021/	validated
insights	https://main--ema-grace--meejain.aem.page/insights/visit-grace-at-supplyside-west-2021	https://grace.com/insights/visit-grace-at-supplyside-west-2021/	validated
insights	https://main--ema-grace--meejain.aem.page/insights/visit-grace-at-vitafoods-europe-2021	https://grace.com/insights/visit-grace-at-vitafoods-europe-2021/	validated
insights	https://main--ema-grace--meejain.aem.page/insights/vitafoods-europe-2022	https://grace.com/insights/vitafoods-europe-2022/	validated
insights	https://main--ema-grace--meejain.aem.page/insights/well-characterized-rsms-free-of-impurities	https://grace.com/insights/well-characterized-rsms-free-of-impurities/	validated
insights	https://main--ema-grace--meejain.aem.page/insights/who-was-murray-raney	https://grace.com/insights/who-was-murray-raney/	validated
insights	https://main--ema-grace--meejain.aem.page/insights/why-local-cdmo-matters	https://grace.com/insights/why-local-cdmo-matters/	validated
insights	https://main--ema-grace--meejain.aem.page/insights/women-engineers-of-grace-leading-with-purpose	https://grace.com/insights/women-engineers-of-grace-leading-with-purpose/	validated
newsroom	https://main--ema-grace--meejain.aem.page/newsroom/logos-and-images	https://grace.com/newsroom/logos-and-images/	validated
newsroom	https://main--ema-grace--meejain.aem.page/newsroom/press-releases	https://grace.com/newsroom/press-releases/	validated
newsroom	https://main--ema-grace--meejain.aem.page/newsroom/press-releases/2021-press-releases/art-icr450-technology-wins-hydrocarbon-processing-award	https://grace.com/newsroom/press-releases/2021-press-releases/art-icr450-technology-wins-hydrocarbon-processing-award/	validated
newsroom	https://main--ema-grace--meejain.aem.page/newsroom/press-releases/2021-press-releases/grace-congratulates-braskem	https://grace.com/newsroom/press-releases/2021-press-releases/grace-congratulates-braskem/	validated
newsroom	https://main--ema-grace--meejain.aem.page/newsroom/press-releases/2021-press-releases/oriental-energy-selects-graces-unipol-pp-process-technology	https://grace.com/newsroom/press-releases/2021-press-releases/oriental-energy-selects-graces-unipol-pp-process-technology/	validated
newsroom	https://main--ema-grace--meejain.aem.page/newsroom/press-releases/2021-press-releases/standard-industries-completes-acquisition-of-grace	https://grace.com/newsroom/press-releases/2021-press-releases/standard-industries-completes-acquisition-of-grace/	validated
newsroom	https://main--ema-grace--meejain.aem.page/newsroom/press-releases/2021-press-releases/successful-unipol-pp-start-up-at-oriental-energy	https://grace.com/newsroom/press-releases/2021-press-releases/successful-unipol-pp-start-up-at-oriental-energy/	validated
newsroom	https://main--ema-grace--meejain.aem.page/newsroom/press-releases/2022-press-releases/grace-announces-2022-fcc-catalysts-pricing-actions	https://grace.com/newsroom/press-releases/2022-press-releases/grace-announces-2022-fcc-catalysts-pricing-actions/	validated
newsroom	https://main--ema-grace--meejain.aem.page/newsroom/press-releases/2022-press-releases/grace-announces-fcc-catalysts-and-additives-pricing-actions	https://grace.com/newsroom/press-releases/2022-press-releases/grace-announces-fcc-catalysts-and-additives-pricing-actions/	validated
newsroom	https://main--ema-grace--meejain.aem.page/newsroom/press-releases/2022-press-releases/grace-invests-in-small-molecule-api-expansion	https://grace.com/newsroom/press-releases/2022-press-releases/grace-invests-in-small-molecule-api-expansion/	validated
newsroom	https://main--ema-grace--meejain.aem.page/newsroom/press-releases/2022-press-releases/grace-tyrone-site-approved-for-continued-star-participation-osha-vpp	https://grace.com/newsroom/press-releases/2022-press-releases/grace-tyrone-site-approved-for-continued-star-participation-osha-vpp/	validated
newsroom	https://main--ema-grace--meejain.aem.page/newsroom/press-releases/2022-press-releases/grace-welcomes-new-unipol-pp-licensee-in-egypt	https://grace.com/newsroom/press-releases/2022-press-releases/grace-welcomes-new-unipol-pp-licensee-in-egypt/	validated
newsroom	https://main--ema-grace--meejain.aem.page/newsroom/press-releases/2022-press-releases/grace-welcomes-new-unipol-pp-licensee-in-indonesia	https://grace.com/newsroom/press-releases/2022-press-releases/grace-welcomes-new-unipol-pp-licensee-in-indonesia/	validated
newsroom	https://main--ema-grace--meejain.aem.page/newsroom/press-releases/2022-press-releases/grace-wins-chemical-week-innovation-award-for-activcat-catalyst	https://grace.com/newsroom/press-releases/2022-press-releases/grace-wins-chemical-week-innovation-award-for-activcat-catalyst/	validated
newsroom	https://main--ema-grace--meejain.aem.page/newsroom/press-releases/2023-press-releases/grace-announces-start-up-two-more-unipol-pp-technology-lines	https://grace.com/newsroom/press-releases/2023-press-releases/grace-announces-start-up-two-more-unipol-pp-technology-lines/	validated
newsroom	https://main--ema-grace--meejain.aem.page/newsroom/press-releases/2023-press-releases/grace-expands-operating-unipol-pp-technology-capacity-oriental-energy-co-ltd	https://grace.com/newsroom/press-releases/2023-press-releases/grace-expands-operating-unipol-pp-technology-capacity-oriental-energy-co-ltd/	validated
newsroom	https://main--ema-grace--meejain.aem.page/newsroom/press-releases/2023-press-releases/grace-expands-presence-china-pc-guangxi-signing-unipol-pp-technology-license	https://grace.com/newsroom/press-releases/2023-press-releases/grace-expands-presence-china-pc-guangxi-signing-unipol-pp-technology-license/	validated
newsroom	https://main--ema-grace--meejain.aem.page/newsroom/press-releases/2023-press-releases/grace-launches-paragon-fcc-catalyst-technology-more-sustainably-produced-fuels	https://grace.com/newsroom/press-releases/2023-press-releases/grace-launches-paragon-fcc-catalyst-technology-more-sustainably-produced-fuels/	validated
newsroom	https://main--ema-grace--meejain.aem.page/newsroom/press-releases/2023-press-releases/grace-marks-another-asia-polypropylene-start-up-petrochina-guangdong	https://grace.com/newsroom/press-releases/2023-press-releases/grace-marks-another-asia-polypropylene-start-up-petrochina-guangdong/	validated
newsroom	https://main--ema-grace--meejain.aem.page/newsroom/press-releases/2023-press-releases/grace-sohar-university-oq-inaugurate-first-dcr-pilot-plant-oman	https://grace.com/newsroom/press-releases/2023-press-releases/grace-sohar-university-oq-inaugurate-first-dcr-pilot-plant-oman/	validated
newsroom	https://main--ema-grace--meejain.aem.page/newsroom/press-releases/2024-press-releases/grace-advances-iron-tolerance-in-fcc-catalysts-develops-innovat	https://grace.com/newsroom/press-releases/2024-press-releases/grace-advances-iron-tolerance-in-fcc-catalysts--develops-innovat/	validated
newsroom	https://main--ema-grace--meejain.aem.page/newsroom/press-releases/2024-press-releases/grace-expands-contract-development-manufacturing-organization	https://grace.com/newsroom/press-releases/2024-press-releases/grace-expands-contract-development-manufacturing-organization/	validated
newsroom	https://main--ema-grace--meejain.aem.page/newsroom/press-releases/2024-press-releases/grace-expands-polypropylene-operating-capacity-in-india-with-nay	https://grace.com/newsroom/press-releases/2024-press-releases/grace-expands-polypropylene-operating-capacity-in-india-with-nay/	validated
newsroom	https://main--ema-grace--meejain.aem.page/newsroom/press-releases/2024-press-releases/grace-licenses-additional-unipol-polypropylene-process-technolo	https://grace.com/newsroom/press-releases/2024-press-releases/grace-licenses-additional-unipol--polypropylene-process-technolo/	validated
newsroom	https://main--ema-grace--meejain.aem.page/newsroom/press-releases/2024-press-releases/grace-licenses-second-unipol-polypropylene-process-technology	https://grace.com/newsroom/press-releases/2024-press-releases/grace-licenses-second-unipol-polypropylene-process-technology/	validated
newsroom	https://main--ema-grace--meejain.aem.page/newsroom/press-releases/2025-press-releases/grace-acquires-art-hydroprocessing	https://grace.com/newsroom/press-releases/2025-press-releases/grace-acquires-art-hydroprocessing/	validated
newsroom	https://main--ema-grace--meejain.aem.page/newsroom/press-releases/2025-press-releases/grace-and-moleculeone-to-transform-peptide-building-block-synthesis-with-ai	https://grace.com/newsroom/press-releases/2025-press-releases/Grace-and-Moleculeone-to-Transform-Peptide-Building-Block-Synthesis-with-AI/	validated
newsroom	https://main--ema-grace--meejain.aem.page/newsroom/press-releases/2025-press-releases/standard-industries-announces-molecule-one-as-winner-of-1-milli	https://grace.com/newsroom/press-releases/2025-press-releases/standard-industries-announces-molecule-one-as-winner-of--1-milli/	validated
people-and-careers	https://main--ema-grace--meejain.aem.page/people-and-careers/benefits/us-employee-benefits-summary	https://grace.com/people-and-careers/benefits/us-employee-benefits-summary/	early-exploratory
products	https://main--ema-grace--meejain.aem.page/products/activators-custom-organoborate-boron-compounds	https://grace.com/products/activators-custom-organoborate-boron-compounds/	validated (detail); 2 hubs have known gaps
products	https://main--ema-grace--meejain.aem.page/products/activcat-catalysts	https://grace.com/products/activcat-catalysts/	validated (detail); 2 hubs have known gaps
products	https://main--ema-grace--meejain.aem.page/products/adsorbents	https://grace.com/products/adsorbents/	validated (detail); 2 hubs have known gaps
products	https://main--ema-grace--meejain.aem.page/products/catalysts	https://grace.com/products/catalysts/	validated (detail); 2 hubs have known gaps
products	https://main--ema-grace--meejain.aem.page/products/consista	https://grace.com/products/consista/	validated (detail); 2 hubs have known gaps
products	https://main--ema-grace--meejain.aem.page/products/davisil	https://grace.com/products/davisil/	validated (detail); 2 hubs have known gaps
products	https://main--ema-grace--meejain.aem.page/products/fine-chemicals	https://grace.com/products/fine-chemicals/	validated (detail); 2 hubs have known gaps
products	https://main--ema-grace--meejain.aem.page/products/hyampp-catalysts-and-donors	https://grace.com/products/hyampp-catalysts-and-donors/	validated (detail); 2 hubs have known gaps
products	https://main--ema-grace--meejain.aem.page/products/ludox	https://grace.com/products/ludox/	validated (detail); 2 hubs have known gaps
products	https://main--ema-grace--meejain.aem.page/products/lynx-pe	https://grace.com/products/lynx-pe/	validated (detail); 2 hubs have known gaps
products	https://main--ema-grace--meejain.aem.page/products/lynx-pp	https://grace.com/products/lynx-pp/	validated (detail); 2 hubs have known gaps
products	https://main--ema-grace--meejain.aem.page/products/magnapore	https://grace.com/products/magnapore/	validated (detail); 2 hubs have known gaps
products	https://main--ema-grace--meejain.aem.page/products/metallocenes	https://grace.com/products/metallocenes/	validated (detail); 2 hubs have known gaps
products	https://main--ema-grace--meejain.aem.page/products/polytrak-catalysts	https://grace.com/products/polytrak-catalysts/	validated (detail); 2 hubs have known gaps
products	https://main--ema-grace--meejain.aem.page/products/product-stewardship	https://grace.com/products/product-stewardship/	validated (detail); 2 hubs have known gaps
products	https://main--ema-grace--meejain.aem.page/products/quality-management	https://grace.com/products/quality-management/	validated (detail); 2 hubs have known gaps
products	https://main--ema-grace--meejain.aem.page/products/reflectn-digital-plant-simulator-software	https://grace.com/products/reflectn-digital-plant-simulator-software/	validated (detail); 2 hubs have known gaps
products	https://main--ema-grace--meejain.aem.page/products/shac	https://grace.com/products/shac/	validated (detail); 2 hubs have known gaps
products	https://main--ema-grace--meejain.aem.page/products/shieldex	https://grace.com/products/shieldex/	validated (detail); 2 hubs have known gaps
products	https://main--ema-grace--meejain.aem.page/products/silsol	https://grace.com/products/silsol/	validated (detail); 2 hubs have known gaps
products	https://main--ema-grace--meejain.aem.page/products/syloid-mx-silica-series	https://grace.com/products/syloid-mx-silica-series/	validated (detail); 2 hubs have known gaps
products	https://main--ema-grace--meejain.aem.page/products/syloid-rad-silica-series	https://grace.com/products/syloid-rad-silica-series/	validated (detail); 2 hubs have known gaps
products	https://main--ema-grace--meejain.aem.page/products/syloid-silica	https://grace.com/products/syloid-silica/	validated (detail); 2 hubs have known gaps
products	https://main--ema-grace--meejain.aem.page/products/syloid-xdp-f-silica	https://grace.com/products/syloid-xdp-f-silica/	validated (detail); 2 hubs have known gaps
products	https://main--ema-grace--meejain.aem.page/products/sylopol-cr-catalysts	https://grace.com/products/sylopol-cr-catalysts/	validated (detail); 2 hubs have known gaps
products	https://main--ema-grace--meejain.aem.page/products/sylopol-zn-catalysts	https://grace.com/products/sylopol-zn-catalysts/	validated (detail); 2 hubs have known gaps
products	https://main--ema-grace--meejain.aem.page/products/sylosiv	https://grace.com/products/sylosiv/	validated (detail); 2 hubs have known gaps
products	https://main--ema-grace--meejain.aem.page/products/synthetic-silicas	https://grace.com/products/synthetic-silicas/	validated (detail); 2 hubs have known gaps
products	https://main--ema-grace--meejain.aem.page/products/synthetic-silicas/classification	https://grace.com/products/synthetic-silicas/classification/	validated (detail); 2 hubs have known gaps
products	https://main--ema-grace--meejain.aem.page/products/trisyl-silica	https://grace.com/products/trisyl-silica/	validated (detail); 2 hubs have known gaps
products	https://main--ema-grace--meejain.aem.page/products/trisyl-xge-catalyst	https://grace.com/products/TRISYL-XGE-Catalyst/	validated (detail); 2 hubs have known gaps
products	https://main--ema-grace--meejain.aem.page/products/unipol-donors	https://grace.com/products/unipol-donors/	validated (detail); 2 hubs have known gaps
products	https://main--ema-grace--meejain.aem.page/products/unipol-unippac-process-control-software	https://grace.com/products/unipol-unippac-process-control-software/	validated (detail); 2 hubs have known gaps
products	https://main--ema-grace--meejain.aem.page/products/vydac	https://grace.com/products/vydac/	validated (detail); 2 hubs have known gaps
products	https://main--ema-grace--meejain.aem.page/products/vyvid	https://grace.com/products/vyvid/	validated (detail); 2 hubs have known gaps
